Date,Open,High,Low,Close,Volume,Adj Close
1990-01-10,406.0,406.25,403.25,405.5,10000,405.5
1990-01-11,406.75,407.0,403.25,404.5,10000,404.5
1990-01-12,406.75,406.75,400.75,402.0,10000,402.0
1990-01-15,401.25,401.5,397.75,399.0,10000,399.0
1990-01-16,399.5,401.0,397.75,398.0,10000,398.0
1990-01-17,397.5,401.0,397.5,401.0,10000,401.0
1990-01-18,402.0,402.0,396.25,397.5,10000,397.5
1990-01-19,397.0,397.0,392.0,392.0,10000,392.0
1990-01-22,391.75,394.0,391.25,392.5,10000,392.5
1990-01-23,393.0,393.75,391.5,393.0,10000,393.0
1990-01-24,391.75,393.5,391.5,391.5,10000,391.5
1990-01-25,389.75,390.0,384.25,386.0,10000,386.0
1990-01-26,385.0,386.25,381.0,381.0,10000,381.0
1990-01-29,381.5,382.25,371.75,379.0,10000,379.0
1990-01-30,380.0,380.0,375.5,376.0,10000,376.0
1990-01-31,376.75,379.0,375.0,375.5,10000,375.5
1990-02-01,375.5,377.25,373.5,374.75,10000,374.75
1990-02-02,374.75,379.5,374.5,379.5,10000,379.5
1990-02-05,381.5,383.5,380.5,383.0,10000,383.0
1990-02-06,382.0,384.25,381.25,382.5,10000,382.5
1990-02-07,384.0,384.75,382.75,382.75,10000,382.75
1990-02-08,382.75,383.0,380.5,382.5,10000,382.5
1990-02-09,383.5,388.0,383.5,387.0,10000,387.0
1990-02-12,388.25,390.25,387.5,390.0,10000,390.0
1990-02-13,389.0,389.25,385.25,385.5,10000,385.5
1990-02-14,384.0,387.75,383.0,387.0,10000,387.0
1990-02-15,388.25,389.0,384.5,386.25,10000,386.25
1990-02-16,386.25,387.75,383.5,383.5,10000,383.5
1990-02-20,382.0,383.5,381.0,382.0,10000,382.0
1990-02-21,380.75,384.5,380.25,384.5,10000,384.5
1990-02-22,383.972565158,388.192043896,383.708847737,386.082304527,10000,386.082304527
1990-02-23,385.554869684,386.87345679,384.236282579,386.87345679,10000,386.87345679
1990-02-26,386.609739369,387.400891632,385.291152263,386.082304527,10000,386.082304527
1990-02-27,385.818587106,386.082304527,381.862825789,383.181412894,10000,383.181412894
1990-02-28,383.445130316,384.236282579,381.862825789,381.862825789,10000,381.862825789
1990-03-01,381.335390947,381.335390947,376.588477366,376.588477366,10000,376.588477366
1990-03-02,376.324759945,378.698216735,374.478737997,375.00617284,10000,375.00617284
1990-03-05,373.423868313,374.215020576,370.259259259,370.52297668,10000,370.52297668
1990-03-06,370.259259259,373.951303155,369.995541838,369.995541838,10000,369.995541838
1990-03-07,369.995541838,372.896433471,369.995541838,372.368998628,10000,372.368998628
1990-03-08,371.314128944,375.00617284,371.314128944,375.00617284,10000,375.00617284
1990-03-09,373.951303155,374.215020576,371.841563786,372.896433471,10000,372.896433471
1990-03-12,371.314128944,372.105281207,368.676954733,372.105281207,10000,372.105281207
1990-03-13,371.050411523,372.368998628,367.358367627,367.885802469,10000,367.885802469
1990-03-14,367.622085048,370.259259259,366.303497942,370.259259259,10000,370.259259259
1990-03-15,369.995541838,372.896433471,369.995541838,371.841563786,10000,371.841563786
1990-03-16,373.423868313,373.951303155,371.841563786,373.687585734,10000,373.687585734
1990-03-19,373.687585734,378.698216735,373.687585734,378.698216735,10000,378.698216735
1990-03-20,380.280521262,381.335390947,378.434499314,380.544238683,10000,380.544238683
1990-03-21,381.599108368,382.653978052,377.115912209,378.961934156,10000,378.961934156
1990-03-22,378.698216735,378.698216735,376.852194787,378.434499314,10000,378.434499314
1990-03-23,377.115912209,377.115912209,375.269890261,376.324759945,10000,376.324759945
1990-03-26,376.061042524,379.489368999,375.00617284,378.698216735,10000,378.698216735
1990-03-27,377.37962963,378.698216735,374.478737997,374.478737997,10000,374.478737997
1990-03-28,374.478737997,374.478737997,368.676954733,369.204389575,10000,369.204389575
1990-03-29,367.094650206,372.368998628,367.094650206,372.368998628,10000,372.368998628
1990-03-30,372.368998628,372.632716049,368.676954733,371.314128944,10000,371.314128944
1990-04-02,373.687585734,375.797325103,372.896433471,375.269890261,10000,375.269890261
1990-04-03,375.00617284,381.335390947,375.00617284,381.335390947,10000,381.335390947
1990-04-04,383.445130316,395.048696845,383.445130316,390.038065844,10000,390.038065844
1990-04-05,390.038065844,392.938957476,387.400891632,390.301783265,10000,390.301783265
1990-04-06,390.038065844,391.356652949,385.027434842,385.291152263,10000,385.291152263
1990-04-09,385.291152263,390.829218107,380.280521262,380.280521262,10000,380.280521262
1990-04-10,381.335390947,383.972565158,377.643347051,381.862825789,10000,381.862825789
1990-04-11,384.5,387.137174211,380.807956104,384.5,10000,384.5
1990-04-12,383.445130316,387.664609053,381.862825789,387.137174211,10000,387.137174211
1990-04-16,385.027434842,390.829218107,385.027434842,390.829218107,10000,390.829218107
1990-04-17,390.829218107,391.884087791,384.5,385.027434842,10000,385.027434842
1990-04-18,384.5,387.137174211,384.5,385.291152263,10000,385.291152263
1990-04-19,384.5,390.565500686,383.445130316,389.24691358,10000,389.24691358
1990-04-20,390.301783265,393.99382716,389.24691358,391.092935528,10000,391.092935528
1990-04-23,390.301783265,392.147805213,389.510631001,390.301783265,10000,390.301783265
1990-04-24,386.812838817,389.122169198,384.214842138,384.503508436,10000,384.503508436
1990-04-25,383.926175841,386.235506222,383.637509543,384.792174733,10000,384.792174733
1990-04-26,385.369507329,387.967504007,383.926175841,387.390171412,10000,387.390171412
1990-04-27,385.946839924,394.318162555,385.658173626,393.74082996,10000,393.74082996
1990-04-30,393.74082996,399.514155912,392.874831067,399.514155912,10000,399.514155912
1990-05-01,399.225489615,408.751477436,393.74082996,394.89549515,10000,394.89549515
1990-05-02,397.782158126,401.534819996,397.782158126,401.534819996,10000,401.534819996
1990-05-03,401.823486293,404.132816674,399.514155912,400.668821103,10000,400.668821103
1990-05-04,400.668821103,404.132816674,398.648157019,404.132816674,10000,404.132816674
1990-05-07,404.421482972,409.906142627,402.978151484,407.596812246,10000,407.596812246
1990-05-08,409.328810031,409.906142627,399.80282221,402.400818888,10000,402.400818888
1990-05-09,400.668821103,405.86481446,399.80282221,402.978151484,10000,402.978151484
1990-05-10,405.86481446,405.86481446,402.400818888,402.978151484,10000,402.978151484
1990-05-11,400.380154805,402.400818888,394.606828853,397.204825531,10000,397.204825531
1990-05-14,397.782158126,399.80282221,395.184161448,398.359490722,10000,398.359490722
1990-05-15,398.359490722,399.514155912,394.318162555,396.627492936,10000,396.627492936
1990-05-16,398.359490722,400.9574874,397.204825531,397.204825531,10000,397.204825531
1990-05-17,398.359490722,399.514155912,396.338826638,397.493491829,10000,397.493491829
1990-05-18,396.916159234,397.204825531,391.431499579,391.431499579,10000,391.431499579
1990-05-21,390.276834388,392.297498472,387.967504007,388.544836602,10000,388.544836602
1990-05-22,388.544836602,392.008832174,386.235506222,386.812838817,10000,386.812838817
1990-05-23,386.235506222,388.256170305,383.926175841,385.369507329,10000,385.369507329
1990-05-24,385.080841031,387.390171412,381.039512864,381.328179162,10000,381.328179162
1990-05-25,382.77151065,383.637509543,379.596181376,381.61684546,10000,381.61684546
1990-05-29,383.060176948,387.390171412,381.328179162,387.390171412,10000,387.390171412
1990-05-30,386.235506222,386.235506222,381.61684546,383.348843245,10000,383.348843245
1990-05-31,383.926175841,386.524172519,381.61684546,385.369507329,10000,385.369507329
1990-06-01,384.503508436,385.369507329,379.596181376,380.462180269,10000,380.462180269
1990-06-04,377.575517293,382.482844352,376.420852102,382.194178055,10000,382.194178055
1990-06-05,383.348843245,384.214842138,381.039512864,384.214842138,10000,384.214842138
1990-06-06,383.637509543,386.812838817,381.61684546,383.060176948,10000,383.060176948
1990-06-07,383.926175841,387.967504007,383.637509543,386.812838817,10000,386.812838817
1990-06-08,388.256170305,389.122169198,381.905511757,381.905511757,10000,381.905511757
1990-06-11,380.462180269,385.946839924,379.884847674,383.926175841,10000,383.926175841
1990-06-12,385.946839924,387.390171412,385.369507329,386.812838817,10000,386.812838817
1990-06-13,386.812838817,388.8335029,385.080841031,385.946839924,10000,385.946839924
1990-06-14,383.926175841,386.812838817,383.348843245,384.214842138,10000,384.214842138
1990-06-15,383.637509543,383.926175841,378.730182483,378.730182483,10000,378.730182483
1990-06-18,377.286850995,382.482844352,376.998184698,381.61684546,10000,381.61684546
1990-06-19,381.905511757,383.926175841,380.462180269,383.348843245,10000,383.348843245
1990-06-20,385.080841031,390.565500686,385.080841031,385.946839924,10000,385.946839924
1990-06-21,386.235506222,390.565500686,386.235506222,390.565500686,10000,390.565500686
1990-06-22,392.008832174,392.008832174,385.658173626,385.658173626,10000,385.658173626
1990-06-25,383.939034027,387.65826461,383.652939367,384.797318008,10000,384.797318008
1990-06-26,384.797318008,387.65826461,384.797318008,386.227791309,10000,386.227791309
1990-06-27,386.79998063,388.802643251,385.941696649,385.941696649,10000,385.941696649
1990-06-28,385.369507329,386.79998063,383.939034027,383.939034027,10000,383.939034027
1990-06-29,382.508560726,382.508560726,378.503235483,379.075424804,10000,379.075424804
1990-07-02,379.933708784,385.369507329,379.361519464,379.933708784,10000,379.933708784
1990-07-03,380.219803445,381.364182085,378.217140823,378.217140823,10000,378.217140823
1990-07-05,375.928383541,376.500572862,371.923058298,371.923058298,10000,371.923058298
1990-07-06,372.209152958,372.209152958,361.62365053,361.62365053,10000,361.62365053
1990-07-09,361.90974519,365.056786452,359.907082568,359.907082568,10000,359.907082568
1990-07-10,361.051461209,362.19583985,359.334893248,359.334893248,10000,359.334893248
1990-07-11,359.620987908,359.907082568,357.046135966,357.332230626,10000,357.332230626
1990-07-12,357.904419947,361.90974519,355.901757325,358.190514607,10000,358.190514607
1990-07-13,361.051461209,362.19583985,359.907082568,360.479271889,10000,360.479271889
1990-07-16,358.762703927,359.620987908,353.613000043,353.613000043,10000,353.613000043
1990-07-17,354.185189364,356.473946645,352.754716063,352.754716063,10000,352.754716063
1990-07-18,352.754716063,355.615662665,351.610337422,351.610337422,10000,351.610337422
1990-07-19,352.182526742,352.754716063,346.746728198,346.746728198,10000,346.746728198
1990-07-20,347.318917518,349.6076748,343.027497615,343.313592275,10000,343.313592275
1990-07-23,341.597024314,345.316254897,339.308267032,345.316254897,10000,345.316254897
1990-07-24,346.746728198,350.17986412,345.888444217,347.032822858,10000,347.032822858
1990-07-25,347.891106839,349.03548548,344.457970916,344.744065576,10000,344.744065576
1990-07-26,344.744065576,346.174538877,342.455308294,345.602349557,10000,345.602349557
1990-07-27,346.460633537,348.463296159,341.597024314,341.597024314,10000,341.597024314
1990-07-30,339.022172372,340.738740333,335.302941789,336.447320429,10000,336.447320429
1990-07-31,336.447320429,337.59169907,330.153237904,331.869805866,10000,331.869805866
1990-08-01,329.581048584,331.583711206,321.856492758,321.856492758,10000,321.856492758
1990-08-02,325.575723341,325.575723341,320.426019457,323.859155379,10000,323.859155379
1990-08-03,322.428682078,325.861818001,321.284303437,321.284303437,10000,321.284303437
1990-08-06,320.426019457,323.286966059,318.995546155,322.714776738,10000,322.714776738
1990-08-07,323.859155379,324.14525004,321.856492758,321.856492758,10000,321.856492758
1990-08-08,322.428682078,327.006196642,320.998208777,325.861818001,10000,325.861818001
1990-08-09,327.006196642,334.730752468,327.006196642,332.441995186,10000,332.441995186
1990-08-10,333.014184507,334.158563148,321.570398098,321.570398098,10000,321.570398098
1990-08-13,323.286966059,323.286966059,313.273652951,315.276315572,10000,315.276315572
1990-08-14,314.990220912,319.853830136,314.990220912,319.853830136,10000,319.853830136
1990-08-15,320.426019457,325.861818001,320.426019457,325.861818001,10000,325.861818001
1990-08-16,327.292291302,327.578385962,324.4313447,325.575723341,10000,325.575723341
1990-08-17,323.859155379,327.006196642,321.856492758,323.000871399,10000,323.000871399
1990-08-20,323.573060719,324.71743936,321.570398098,321.570398098,10000,321.570398098
1990-08-21,319.853830136,320.712114117,317.565072854,320.426019457,10000,320.426019457
1990-08-22,319.853830136,323.286966059,319.567735476,323.286966059,10000,323.286966059
1990-08-23,323.819285769,326.274528879,323.273676189,325.183309719,10000,325.183309719
1990-08-24,325.456114509,326.820138459,324.910504929,326.820138459,10000,326.820138459
1990-08-27,323.819285769,326.274528879,322.182457029,323.273676189,10000,323.273676189
1990-08-28,322.455261819,323.546480979,319.181604338,322.182457029,10000,322.182457029
1990-08-29,322.182457029,323.000871399,316.180751648,316.453556438,10000,316.453556438
1990-08-30,314.271118118,315.089532488,308.269412737,308.815022317,10000,308.815022317
1990-08-31,308.269412737,309.633436687,302.540512146,302.540512146,10000,302.540512146
1990-09-04,302.267707356,302.267707356,297.084416346,298.994049876,10000,298.994049876
1990-09-05,299.539659456,306.632583997,299.539659456,306.632583997,10000,306.632583997
1990-09-06,307.996607947,308.542217527,305.541364837,308.269412737,10000,308.269412737
1990-09-07,307.178193577,307.178193577,303.358926516,305.541364837,10000,305.541364837
1990-09-10,301.722097776,309.906241477,301.176488196,309.633436687,10000,309.633436687
1990-09-11,309.906241477,310.724655847,306.359779207,310.179046267,10000,310.179046267
1990-09-12,308.815022317,310.724655847,307.723803157,308.815022317,10000,308.815022317
1990-09-13,298.994049876,304.177340886,298.721245086,301.722097776,10000,301.722097776
1990-09-14,301.449292986,302.267707356,297.357221136,298.175635506,10000,298.175635506
1990-09-17,296.811611556,302.540512146,295.993197185,300.630878616,10000,300.630878616
1990-09-18,300.358073826,301.449292986,298.175635506,300.085269036,10000,300.085269036
1990-09-19,298.175635506,299.539659456,294.083563655,294.083563655,10000,294.083563655
1990-09-20,293.537954075,296.811611556,292.446734915,292.719539705,10000,292.719539705
1990-09-21,292.446734915,295.447587605,292.173930125,295.174782815,10000,295.174782815
1990-09-24,295.720392395,300.630878616,294.083563655,300.358073826,10000,300.358073826
1990-09-25,300.903683406,303.086121726,299.266854666,299.539659456,10000,299.539659456
1990-09-26,298.721245086,304.177340886,298.448440296,302.267707356,10000,302.267707356
1990-09-27,303.631731306,303.904536096,301.449292986,302.813316936,10000,302.813316936
1990-09-28,303.358926516,303.631731306,299.812464246,303.358926516,10000,303.358926516
1990-10-01,300.630878616,301.449292986,292.446734915,292.446734915,10000,292.446734915
1990-10-02,292.992344495,297.357221136,292.719539705,297.357221136,10000,297.357221136
1990-10-03,298.448440296,302.267707356,298.448440296,298.994049876,10000,298.994049876
1990-10-04,299.539659456,300.358073826,297.902830716,300.085269036,10000,300.085269036
1990-10-05,298.994049876,301.176488196,298.448440296,298.448440296,10000,298.448440296
1990-10-08,299.266854666,304.995755257,297.357221136,304.450145676,10000,304.450145676
1990-10-09,303.631731306,305.268560047,301.176488196,303.904536096,10000,303.904536096
1990-10-10,303.631731306,303.631731306,299.266854666,301.449292986,10000,301.449292986
1990-10-11,300.085269036,300.358073826,294.083563655,295.720392395,10000,295.720392395
1990-10-12,298.448440296,298.448440296,288.627467855,291.355515755,10000,291.355515755
1990-10-15,289.173077435,291.901125335,287.536248694,289.718687015,10000,289.718687015
1990-10-16,288.900272645,289.718687015,284.262591214,284.262591214,10000,284.262591214
1990-10-17,285.626615164,289.173077435,285.081005584,287.809053484,10000,287.809053484
1990-10-18,288.081858275,289.718687015,286.172224744,287.809053484,10000,287.809053484
1990-10-19,287.536248694,290.809906175,286.717834324,288.081858275,10000,288.081858275
1990-10-22,287.263443904,289.718687015,286.445029534,287.263443904,10000,287.263443904
1990-10-23,286.445029534,287.809053484,285.081005584,287.263443904,10000,287.263443904
1990-10-24,288.081858275,289.991491805,288.081858275,288.900272645,10000,288.900272645
1990-10-25,288.081858275,288.354663065,286.990639114,287.809053484,10000,287.809053484
1990-10-26,286.172224744,286.990639114,284.262591214,286.172224744,10000,286.172224744
1990-10-29,283.989786424,286.990639114,283.989786424,285.081005584,10000,285.081005584
1990-10-30,285.899419954,289.173077435,285.353810374,288.627467855,10000,288.627467855
1990-10-31,288.900272645,289.173077435,285.353810374,285.626615164,10000,285.626615164
1990-11-01,285.081005584,288.900272645,285.081005584,286.172224744,10000,286.172224744
1990-11-02,286.717834324,290.264296595,285.899419954,290.264296595,10000,290.264296595
1990-11-05,289.445882225,291.901125335,285.626615164,288.627467855,10000,288.627467855
1990-11-06,289.173077435,291.355515755,288.900272645,289.991491805,10000,289.991491805
1990-11-07,289.718687015,289.991491805,288.900272645,289.991491805,10000,289.991491805
1990-11-08,291.082710965,293.810758865,289.991491805,293.537954075,10000,293.537954075
1990-11-09,292.446734915,294.629173235,289.173077435,289.718687015,10000,289.718687015
1990-11-12,289.445882225,291.082710965,287.536248694,289.445882225,10000,289.445882225
1990-11-13,289.173077435,289.445882225,286.990639114,286.990639114,10000,286.990639114
1990-11-14,285.899419954,285.899419954,278.533690623,278.533690623,10000,278.533690623
1990-11-15,279.624909783,279.624909783,269.531132552,269.531132552,10000,269.531132552
1990-11-16,270.895156502,274.168813983,270.622351712,273.077594823,10000,273.077594823
1990-11-19,275.260033143,276.351252303,274.168813983,275.805642723,10000,275.805642723
1990-11-20,273.896009193,273.896009193,266.530279862,267.348694232,10000,267.348694232
1990-11-21,267.894303812,271.986375663,267.075889442,271.167961292,10000,271.167961292
1990-11-23,272.738905102,272.99523866,267.612233954,271.457237315,10000,271.457237315
1990-11-26,271.200903758,271.713570873,265.561565494,267.099566839,10000,267.099566839
1990-11-27,266.074232609,267.355900396,262.99822992,266.074232609,10000,266.074232609
1990-11-28,266.586899724,268.381234626,266.586899724,266.586899724,10000,266.586899724
1990-11-29,265.561565494,268.637568183,262.485562805,263.510897035,10000,263.510897035
1990-11-30,266.586899724,268.637568183,263.510897035,268.637568183,10000,268.637568183
1990-12-03,268.381234626,270.688236643,268.381234626,270.688236643,10000,270.688236643
1990-12-04,270.431903085,270.9445702,266.330566167,267.868567511,10000,267.868567511
1990-12-05,267.099566839,268.637568183,265.817899052,266.074232609,10000,266.074232609
1990-12-06,265.561565494,269.919235971,265.561565494,269.406568856,10000,269.406568856
1990-12-07,267.612233954,273.251572217,267.612233954,272.99523866,10000,272.99523866
1990-12-10,273.507905775,275.045907119,272.226237987,274.020572889,10000,274.020572889
1990-12-11,274.276906447,274.789573562,272.99523866,273.251572217,10000,273.251572217
1990-12-12,273.764239332,276.583908464,272.226237987,273.764239332,10000,273.764239332
1990-12-13,270.175569528,271.713570873,268.893901741,271.713570873,10000,271.713570873
1990-12-14,271.96990443,272.738905102,270.9445702,272.482571545,10000,272.482571545
1990-12-17,272.738905102,273.764239332,272.226237987,273.764239332,10000,273.764239332
1990-12-18,273.251572217,273.251572217,269.406568856,270.175569528,10000,270.175569528
1990-12-19,269.662902413,269.662902413,267.099566839,268.381234626,10000,268.381234626
1990-12-20,266.843233281,268.637568183,265.817899052,266.843233281,10000,266.843233281
1990-12-21,267.612233954,268.637568183,267.099566839,267.868567511,10000,267.868567511
1990-12-24,267.868567511,272.738905102,267.355900396,271.200903758,10000,271.200903758
1990-12-26,271.200903758,272.738905102,271.200903758,272.738905102,10000,272.738905102
1990-12-27,272.99523866,272.99523866,268.124901069,268.893901741,10000,268.893901741
1990-12-28,268.381234626,269.150235298,265.305231937,268.124901069,10000,268.124901069
1990-12-31,269.150235298,269.150235298,266.330566167,267.099566839,10000,267.099566839
1991-01-02,265.817899052,270.688236643,262.99822992,270.688236643,10000,270.688236643
1991-01-03,269.150235298,269.406568856,265.561565494,266.074232609,10000,266.074232609
1991-01-04,265.048898379,266.074232609,262.99822992,263.767230592,10000,263.767230592
1991-01-07,262.741896363,264.279897707,261.716562133,262.229229248,10000,262.229229248
1991-01-08,262.99822992,262.99822992,256.333557427,257.615225214,10000,257.615225214
1991-01-09,258.896893001,260.434894346,256.589890984,260.434894346,10000,260.434894346
1991-01-10,260.691227903,262.229229248,260.178560788,261.97289569,10000,261.97289569
1991-01-11,261.716562133,261.716562133,258.127892329,258.640559444,10000,258.640559444
1991-01-14,255.820890312,256.077223869,253.513888295,255.05188964,10000,255.05188964
1991-01-15,255.308223197,255.308223197,250.694219164,252.744887623,10000,252.744887623
1991-01-16,253.257554738,257.102558099,253.257554738,255.820890312,10000,255.820890312
1991-01-17,252.232220508,260.691227903,252.232220508,260.691227903,10000,260.691227903
1991-01-18,261.460228575,264.279897707,258.640559444,259.409560116,10000,259.409560116
1991-01-21,259.409560116,260.178560788,256.333557427,256.589890984,10000,256.589890984
1991-01-22,258.640559444,260.947561461,257.615225214,259.409560116,10000,259.409560116
1991-01-23,258.640559444,259.922227231,256.333557427,257.871558771,10000,257.871558771
1991-01-24,256.846224542,259.153226559,256.333557427,259.153226559,10000,259.153226559
1991-01-25,258.640559444,261.97289569,257.615225214,261.716562133,10000,261.716562133
1991-01-28,260.691227903,266.843233281,260.691227903,263.767230592,10000,263.767230592
1991-01-29,263.767230592,266.074232609,263.510897035,266.074232609,10000,266.074232609
1991-01-30,265.305231937,267.612233954,264.792564822,267.099566839,10000,267.099566839
1991-01-31,266.843233281,269.662902413,264.02356415,269.662902413,10000,269.662902413
1991-02-01,269.662902413,270.175569528,267.099566839,268.893901741,10000,268.893901741
1991-02-04,268.124901069,269.150235298,265.817899052,266.074232609,10000,266.074232609
1991-02-05,265.817899052,265.817899052,262.485562805,262.485562805,10000,262.485562805
1991-02-06,261.203895018,261.716562133,257.358891657,257.871558771,10000,257.871558771
1991-02-07,257.102558099,258.640559444,254.795556082,257.102558099,10000,257.102558099
1991-02-08,257.358891657,260.434894346,257.358891657,259.153226559,10000,259.153226559
1991-02-11,260.178560788,260.691227903,256.333557427,258.384225886,10000,258.384225886
1991-02-12,258.896893001,259.922227231,257.358891657,259.409560116,10000,259.409560116
1991-02-13,259.409560116,261.716562133,258.896893001,261.716562133,10000,261.716562133
1991-02-14,261.97289569,263.510897035,261.203895018,262.229229248,10000,262.229229248
1991-02-15,262.485562805,264.02356415,260.691227903,262.99822992,10000,262.99822992
1991-02-19,262.741896363,262.741896363,260.947561461,260.947561461,10000,260.947561461
1991-02-20,259.715514428,259.715514428,258.483467396,258.976286209,10000,258.976286209
1991-02-21,258.729876802,260.208333241,258.483467396,259.222695615,10000,259.222695615
1991-02-22,259.469105022,259.961923835,258.237057989,258.729876802,10000,258.729876802
1991-02-25,258.483467396,260.701152054,257.990648583,260.454742648,10000,260.454742648
1991-02-26,261.193970867,262.918836712,260.947561461,262.179608493,10000,262.179608493
1991-02-27,261.68678968,261.933199087,259.715514428,259.715514428,10000,259.715514428
1991-02-28,259.469105022,265.87574959,259.469105022,265.136521371,10000,265.136521371
1991-03-01,265.87574959,274.99289763,265.87574959,274.746488223,10000,274.746488223
1991-03-04,275.485716443,282.385179824,275.485716443,276.471354069,10000,276.471354069
1991-03-05,276.471354069,280.660313979,275.485716443,280.660313979,10000,280.660313979
1991-03-06,282.877998637,283.617226857,279.674676353,279.674676353,10000,279.674676353
1991-03-07,277.949810508,278.196219914,276.471354069,278.196219914,10000,278.196219914
1991-03-08,277.703401101,280.660313979,277.703401101,279.428266946,10000,279.428266946
1991-03-11,277.949810508,277.949810508,275.485716443,276.471354069,10000,276.471354069
1991-03-12,276.471354069,284.11004567,276.224944662,283.37081745,10000,283.37081745
1991-03-13,283.37081745,284.849273889,282.385179824,284.11004567,10000,284.11004567
1991-03-14,278.935448134,280.906723385,278.935448134,279.428266946,10000,279.428266946
1991-03-15,276.964172882,277.210582288,271.050347126,271.296756533,10000,271.296756533
1991-03-18,269.079071874,274.25366941,268.586253061,272.775212972,10000,272.775212972
1991-03-19,273.514441191,274.99289763,270.311118907,274.99289763,10000,274.99289763
1991-03-20,274.746488223,276.717763475,272.528803565,274.007260004,10000,274.007260004
1991-03-21,274.007260004,274.99289763,272.282394159,273.268031785,10000,273.268031785
1991-03-22,274.746488223,278.935448134,274.746488223,278.935448134,10000,278.935448134
1991-03-25,279.428266946,281.645951605,278.196219914,280.167495166,10000,280.167495166
1991-03-26,279.428266946,279.674676353,275.732125849,275.978535256,10000,275.978535256
1991-03-27,274.99289763,280.906723385,274.99289763,280.660313979,10000,280.660313979
1991-03-28,282.138770418,282.877998637,280.906723385,282.385179824,10000,282.385179824
1991-04-01,284.356455076,289.777462019,284.356455076,289.284643206,10000,289.284643206
1991-04-02,289.284643206,289.284643206,285.342092702,285.834911515,10000,285.834911515
1991-04-03,286.327730328,289.777462019,284.849273889,284.849273889,10000,284.849273889
1991-04-04,284.356455076,284.356455076,279.428266946,281.645951605,10000,281.645951605
1991-04-05,280.413904572,283.37081745,279.674676353,282.385179824,10000,282.385179824
1991-04-08,280.413904572,283.37081745,280.413904572,280.906723385,10000,280.906723385
1991-04-09,279.921085759,279.921085759,274.99289763,277.456991695,10000,277.456991695
1991-04-10,278.935448134,280.167495166,278.196219914,279.18185754,10000,279.18185754
1991-04-11,280.906723385,283.863636263,280.660313979,283.863636263,10000,283.863636263
1991-04-12,285.342092702,286.081320921,283.37081745,283.863636263,10000,283.863636263
1991-04-15,282.877998637,285.588502108,278.935448134,278.935448134,10000,278.935448134
1991-04-16,278.689038727,280.660313979,277.456991695,278.196219914,10000,278.196219914
1991-04-17,278.935448134,280.660313979,276.471354069,276.471354069,10000,276.471354069
1991-04-18,275.485716443,276.224944662,273.021622378,273.021622378,10000,273.021622378
1991-04-19,273.514441191,274.99289763,271.543165939,274.746488223,10000,274.746488223
1991-04-22,274.99289763,276.471354069,271.789575346,274.007260004,10000,274.007260004
1991-04-23,273.021622378,277.456991695,273.021622378,276.964172882,10000,276.964172882
1991-04-24,278.633391094,279.107660696,274.839234279,275.550638682,10000,275.550638682
1991-04-25,274.602099478,275.550638682,272.230751469,272.230751469,10000,272.230751469
1991-04-26,270.333673061,272.46788627,270.333673061,271.282212265,10000,271.282212265
1991-04-29,268.910864256,269.147999057,264.642437839,266.065246644,10000,266.065246644
1991-04-30,265.590977043,269.859403459,265.353842242,268.673729455,10000,268.673729455
1991-05-01,268.436594654,269.385133857,267.013785848,268.673729455,10000,268.673729455
1991-05-02,268.199459853,269.859403459,267.725190251,268.910864256,10000,268.910864256
1991-05-03,270.333673061,272.230751469,269.385133857,272.230751469,10000,272.230751469
1991-05-06,273.179290672,274.127829876,272.46788627,272.942155871,10000,272.942155871
1991-05-07,272.70502107,275.07636908,272.70502107,273.179290672,10000,273.179290672
1991-05-08,271.993616668,273.416425473,271.519347066,273.416425473,10000,273.416425473
1991-05-09,273.179290672,276.736312686,272.70502107,276.024908284,10000,276.024908284
1991-05-10,278.870525895,280.530469501,276.736312686,280.530469501,10000,280.530469501
1991-05-13,280.2933347,281.004739103,277.210582288,279.819065098,10000,279.819065098
1991-05-14,279.344795497,279.581930297,277.210582288,277.68485189,10000,277.68485189
1991-05-15,277.68485189,279.581930297,275.550638682,275.550638682,10000,275.550638682
1991-05-16,275.07636908,277.210582288,274.364964677,274.364964677,10000,274.364964677
1991-05-17,273.890695075,275.550638682,273.416425473,273.416425473,10000,273.416425473
1991-05-20,274.127829876,277.921986691,273.890695075,277.921986691,10000,277.921986691
1991-05-21,277.210582288,279.819065098,277.210582288,279.819065098,10000,279.819065098
1991-05-22,281.004739103,283.376087112,281.004739103,282.66468271,10000,282.66468271
1991-05-23,282.66468271,282.66468271,280.2933347,281.716143506,10000,281.716143506
1991-05-24,281.716143506,281.716143506,278.159121492,278.396256293,10000,278.396256293
1991-05-28,276.499177885,276.973447487,271.519347066,276.262043084,10000,276.262043084
1991-05-29,276.973447487,277.447717089,273.416425473,273.653560274,10000,273.653560274
1991-05-30,271.519347066,273.179290672,269.622268658,270.333673061,10000,270.333673061
1991-05-31,270.333673061,273.179290672,269.859403459,271.993616668,10000,271.993616668
1991-06-03,274.602099478,279.344795497,274.602099478,277.921986691,10000,277.921986691
1991-06-04,277.68485189,279.107660696,275.550638682,276.736312686,10000,276.736312686
1991-06-05,276.024908284,278.870525895,275.313503881,277.68485189,10000,277.68485189
1991-06-06,276.973447487,277.447717089,275.550638682,275.787773483,10000,275.787773483
1991-06-07,275.550638682,281.004739103,275.313503881,280.530469501,10000,280.530469501
1991-06-10,282.190413108,284.561761117,277.921986691,277.921986691,10000,277.921986691
1991-06-11,280.767604302,284.087491515,279.819065098,282.66468271,10000,282.66468271
1991-06-12,287.88164833,288.830187534,283.850356714,285.510300321,10000,285.510300321
1991-06-13,285.036030719,286.221704724,281.479008705,282.427547909,10000,282.427547909
1991-06-14,280.2933347,281.716143506,277.68485189,277.921986691,10000,277.921986691
1991-06-17,277.447717089,277.921986691,272.942155871,274.602099478,10000,274.602099478
1991-06-18,275.07636908,278.396256293,273.890695075,275.550638682,10000,275.550638682
1991-06-19,274.127829876,276.736312686,274.127829876,274.364964677,10000,274.364964677
1991-06-20,272.70502107,273.179290672,266.302381445,266.302381445,10000,266.302381445
1991-06-21,264.642437839,265.116707441,257.29125901,258.002663413,10000,258.002663413
1991-06-24,258.714067816,261.559685427,256.816989408,256.816989408,10000,256.816989408
1991-06-25,258.202712789,260.040454517,254.986664765,260.040454517,10000,260.040454517
1991-06-26,260.499889949,262.797067109,258.202712789,258.202712789,10000,258.202712789
1991-06-27,256.364971061,257.054124209,252.689487605,252.689487605,10000,252.689487605
1991-06-28,250.622028161,252.689487605,245.338520693,252.689487605,10000,252.689487605
1991-07-01,254.986664765,254.986664765,251.311181309,253.148923037,10000,253.148923037
1991-07-02,255.446100197,256.135253345,248.554568717,252.689487605,10000,252.689487605
1991-07-03,252.919205321,253.148923037,249.703157297,250.851745877,10000,250.851745877
1991-07-05,250.162592729,250.622028161,247.635697853,247.635697853,10000,247.635697853
1991-07-08,246.716826989,247.635697853,238.906424645,239.136142361,10000,239.136142361
1991-07-09,240.284730941,243.960214397,240.284730941,242.122472669,10000,242.122472669
1991-07-10,241.203601805,247.635697853,241.203601805,247.405980137,10000,247.405980137
1991-07-11,247.176262421,247.405980137,244.189932113,246.257391557,10000,246.257391557
1991-07-12,250.162592729,252.689487605,249.014004149,251.770616741,10000,251.770616741
1991-07-15,252.689487605,253.608358469,249.014004149,249.014004149,10000,249.014004149
1991-07-16,251.311181309,255.446100197,250.622028161,252.230052173,10000,252.230052173
1991-07-17,251.311181309,257.513559641,251.311181309,253.608358469,10000,253.608358469
1991-07-18,251.770616741,252.459769889,248.784286433,250.392310445,10000,250.392310445
1991-07-19,249.473439581,252.919205321,249.473439581,251.770616741,10000,251.770616741
1991-07-22,254.067793901,257.972995073,253.838076185,255.675817913,10000,255.675817913
1991-07-23,264.634808837,267.850856861,261.648478529,265.553679701,10000,265.553679701
1991-07-24,262.337631677,264.864526553,258.662148221,260.729607665,10000,260.729607665
1991-07-25,261.418760813,264.634808837,260.959325381,263.256502541,10000,263.256502541
1991-07-26,263.256502541,264.864526553,261.648478529,263.715937973,10000,263.715937973
1991-07-29,271.526340317,273.364082045,266.931985997,266.931985997,10000,266.931985997
1991-07-30,264.405091121,268.999445441,264.405091121,268.310292293,10000,268.310292293
1991-07-31,266.702268281,270.148034021,264.864526553,270.148034021,10000,270.148034021
1991-08-01,271.985775749,275.661259205,271.066904885,271.066904885,10000,271.066904885
1991-08-02,271.066904885,274.742388341,269.688598589,273.823517477,10000,273.823517477
1991-08-05,268.310292293,270.607469453,265.783397417,266.931985997,10000,266.931985997
1991-08-06,261.878196245,269.229163157,261.418760813,269.229163157,10000,269.229163157
1991-08-07,269.229163157,272.215493465,268.080574577,269.229163157,10000,269.229163157
1991-08-08,267.391421429,271.296622601,266.013115133,270.607469453,10000,270.607469453
1991-08-09,271.985775749,272.674928897,270.607469453,271.526340317,10000,271.526340317
1991-08-12,271.526340317,274.512670625,271.066904885,274.282952909,10000,274.282952909
1991-08-13,273.823517477,276.580130069,273.364082045,276.120694637,10000,276.120694637
1991-08-14,278.417871797,279.796178094,271.526340317,271.985775749,10000,271.985775749
1991-08-15,271.985775749,275.201823773,269.688598589,275.201823773,10000,275.201823773
1991-08-16,275.661259205,276.350412353,272.904646613,273.823517477,10000,273.823517477
1991-08-19,259.121583653,264.405091121,255.446100197,258.662148221,10000,258.662148221
1991-08-20,259.121583653,259.121583653,255.446100197,255.446100197,10000,255.446100197
1991-08-21,273.823517477,274.053235193,269.688598589,272.445211181,10000,272.445211181
1991-08-22,271.756058033,276.120694637,270.607469453,275.201823773,10000,275.201823773
1991-08-23,273.440837368,274.753353388,271.690816009,274.753353388,10000,274.753353388
1991-08-26,277.378385426,282.628449504,276.503374747,280.659675475,10000,280.659675475
1991-08-27,278.690901446,278.909654116,276.503374747,276.503374747,10000,276.503374747
1991-08-28,276.503374747,281.315933484,276.503374747,277.378385426,10000,277.378385426
1991-08-29,276.722127417,278.690901446,276.065869407,278.690901446,10000,278.690901446
1991-08-30,278.690901446,280.878428145,277.378385426,280.878428145,10000,280.878428145
1991-09-03,281.534686154,285.253481542,281.534686154,283.503460183,10000,283.503460183
1991-09-04,282.628449504,285.034728873,280.440922805,285.034728873,10000,285.034728873
1991-09-05,283.940965523,284.378470863,281.534686154,282.628449504,10000,282.628449504
1991-09-06,282.628449504,282.847202174,280.878428145,281.753438824,10000,281.753438824
1991-09-09,280.440922805,283.065954844,279.565912125,281.753438824,10000,281.753438824
1991-09-10,281.534686154,282.847202174,280.440922805,282.190944164,10000,282.190944164
1991-09-11,282.190944164,285.472234212,281.534686154,285.472234212,10000,285.472234212
1991-09-12,285.909739552,289.40978227,285.909739552,287.659760911,10000,287.659760911
1991-09-13,288.316018921,289.84728761,286.347244892,288.753524261,10000,288.753524261
1991-09-16,290.06604028,292.909824989,289.84728761,291.597308969,10000,291.597308969
1991-09-17,291.3785563,292.691072319,289.84728761,291.597308969,10000,291.597308969
1991-09-18,291.15980363,292.909824989,290.50354562,292.909824989,10000,292.909824989
1991-09-19,290.50354562,292.691072319,289.62853494,292.253566979,10000,292.253566979
1991-09-20,293.566082998,293.566082998,288.534771591,288.753524261,10000,288.753524261
1991-09-23,286.565997562,287.222255572,284.815976203,286.128492222,10000,286.128492222
1991-09-24,286.347244892,287.441008241,284.378470863,285.253481542,10000,285.253481542
1991-09-25,287.222255572,288.316018921,286.128492222,286.128492222,10000,286.128492222
1991-09-26,285.253481542,285.253481542,283.065954844,285.253481542,10000,285.253481542
1991-09-27,285.253481542,289.84728761,283.722212853,289.84728761,10000,289.84728761
1991-09-30,289.84728761,293.128577659,289.191029601,291.3785563,10000,291.3785563
1991-10-01,293.128577659,297.722383726,292.691072319,297.503631057,10000,297.503631057
1991-10-02,297.503631057,299.034899746,295.316104358,299.034899746,10000,299.034899746
1991-10-03,297.066125717,298.159889066,295.316104358,296.191115037,10000,296.191115037
1991-10-04,295.316104358,301.222426445,294.659846348,301.222426445,10000,301.222426445
1991-10-07,300.566168435,305.378727173,298.816147076,302.316189794,10000,302.316189794
1991-10-08,302.316189794,302.534942464,300.784921105,302.534942464,10000,302.534942464
1991-10-09,301.003673775,304.066211153,299.034899746,299.691157755,10000,299.691157755
1991-10-10,299.034899746,300.347415765,297.941136396,299.034899746,10000,299.034899746
1991-10-11,294.003588338,304.066211153,294.003588338,304.066211153,10000,304.066211153
1991-10-14,303.191200474,306.034985182,299.691157755,300.784921105,10000,300.784921105
1991-10-15,300.784921105,303.191200474,299.034899746,302.753695134,10000,302.753695134
1991-10-16,302.534942464,307.347501202,302.534942464,305.597479843,10000,305.597479843
1991-10-17,306.034985182,308.878769891,306.034985182,308.878769891,10000,308.878769891
1991-10-18,309.753780571,313.035070619,308.441264551,312.816317949,10000,312.816317949
1991-10-21,314.785091978,314.785091978,309.753780571,310.62879125,10000,310.62879125
1991-10-22,310.62879125,317.191371347,309.753780571,315.660102658,10000,315.660102658
1991-10-23,315.222597318,320.691414065,315.003844648,320.253908726,10000,320.253908726
1991-10-24,318.941392706,322.222682755,317.628876687,322.222682755,10000,322.222682755
1991-10-25,320.910166735,322.878940764,318.285134697,319.378898046,10000,319.378898046
1991-10-28,315.878855328,317.628876687,312.378812609,312.597565279,10000,312.597565279
1991-10-29,310.19128591,317.191371347,309.972533241,316.753866007,10000,316.753866007
1991-10-30,317.191371347,318.285134697,312.378812609,313.910081299,10000,313.910081299
1991-10-31,313.910081299,320.253908726,313.472575959,318.503887366,10000,318.503887366
1991-11-01,318.503887366,320.035156056,317.628876687,319.160145376,10000,319.160145376
1991-11-04,318.722640036,319.816403386,316.753866007,317.628876687,10000,317.628876687
1991-11-05,317.410124017,318.503887366,316.753866007,316.972618677,10000,316.972618677
1991-11-06,314.347586638,314.566339308,311.94130727,312.378812609,10000,312.378812609
1991-11-07,310.19128591,311.28504926,304.066211153,306.253737852,10000,306.253737852
1991-11-08,305.816232513,308.878769891,304.503716493,307.347501202,10000,307.347501202
1991-11-11,306.253737852,307.566253872,303.847458483,303.847458483,10000,303.847458483
1991-11-12,303.409953144,304.284963823,301.441179115,303.628705814,10000,303.628705814
1991-11-13,304.066211153,308.660017221,304.066211153,308.441264551,10000,308.441264551
1991-11-14,308.003759211,311.50380193,306.909995862,311.06629659,10000,311.06629659
1991-11-15,310.41003858,310.41003858,306.253737852,306.472490522,10000,306.472490522
1991-11-18,304.941221833,310.62879125,303.409953144,308.003759211,10000,308.003759211
1991-11-19,307.347501202,312.160059939,307.128748532,309.753780571,10000,309.753780571
1991-11-20,312.597565279,322.003930085,312.597565279,322.003930085,10000,322.003930085
1991-11-21,318.503887366,321.566424745,317.847629357,319.816403386,10000,319.816403386
1991-11-22,323.316446104,323.753951444,319.816403386,322.003930085,10000,322.003930085
1991-11-25,322.441435425,329.004015521,322.222682755,325.503972803,10000,325.503972803
1991-11-26,326.816488822,327.035241492,318.941392706,319.816403386,10000,319.816403386
1991-11-27,318.066382027,323.753951444,318.066382027,323.753951444,10000,323.753951444
1991-11-29,321.566424745,321.566424745,317.628876687,320.691414065,10000,320.691414065
1991-12-02,318.941392706,322.222682755,314.785091978,322.003930085,10000,322.003930085
1991-12-03,335.129090278,336.879111638,332.0665529,332.50405824,10000,332.50405824
1991-12-04,333.379068919,336.004100958,332.28530557,336.004100958,10000,336.004100958
1991-12-05,337.316616977,339.722896346,336.004100958,336.441606298,10000,336.441606298
1991-12-06,337.097864307,342.129175715,332.0665529,332.28530557,10000,332.28530557
1991-12-09,329.004015521,333.379068919,328.566510182,333.379068919,10000,333.379068919
1991-12-10,331.41029489,332.50405824,329.441520861,329.879026201,10000,329.879026201
1991-12-11,330.316531541,335.347842948,330.316531541,335.347842948,10000,335.347842948
1991-12-12,338.191627657,338.191627657,330.316531541,330.316531541,10000,330.316531541
1991-12-13,330.097778871,337.535369647,328.566510182,335.129090278,10000,335.129090278
1991-12-16,333.816574259,340.160401686,333.597821589,338.629132997,10000,338.629132997
1991-12-17,338.847885667,341.472917705,338.191627657,339.504143676,10000,339.504143676
1991-12-18,340.597907026,341.254165035,337.097864307,340.379154356,10000,340.379154356
1991-12-19,340.160401686,342.785433725,337.316616977,338.410380327,10000,338.410380327
1991-12-20,338.410380327,341.254165035,337.972874987,341.254165035,10000,341.254165035
1991-12-23,341.691670375,350.004271831,341.691670375,349.129261152,10000,349.129261152
1991-12-24,348.035497802,350.660529841,347.160487123,350.441777171,10000,350.441777171
1991-12-26,352.62930387,354.816830569,350.223024501,354.816830569,10000,354.816830569
1991-12-27,353.50431455,354.816830569,352.62930387,354.379325229,10000,354.379325229
1991-12-30,352.84805654,352.84805654,347.379239792,347.816745132,10000,347.816745132
1991-12-31,347.379239792,353.941819889,347.379239792,353.941819889,10000,353.941819889
1992-01-02,355.254335909,358.098120617,349.566766491,350.441777171,10000,350.441777171
1992-01-03,348.910508482,352.19179853,346.504229113,349.566766491,10000,349.566766491
1992-01-06,348.254250472,350.879282511,346.941734453,349.129261152,10000,349.129261152
1992-01-07,348.254250472,349.785519161,345.847971103,346.285476443,10000,346.285476443
1992-01-08,345.847971103,356.129346588,343.660444404,354.379325229,10000,354.379325229
1992-01-09,353.06680921,353.28556188,350.223024501,350.441777171,10000,350.441777171
1992-01-10,349.129261152,354.160572559,349.129261152,352.19179853,10000,352.19179853
1992-01-13,359.629389307,361.816916006,357.879367947,360.504399986,10000,360.504399986
1992-01-14,364.004442704,365.754464064,358.098120617,361.379410666,10000,361.379410666
1992-01-15,360.066894646,365.535711394,358.316873287,364.879453384,10000,364.879453384
1992-01-16,363.566937365,364.660700714,360.066894646,361.379410666,10000,361.379410666
1992-01-17,362.473174015,367.504485423,361.816916006,367.504485423,10000,367.504485423
1992-01-20,367.941990763,371.442033481,367.941990763,369.910764792,10000,369.910764792
1992-01-21,368.379496102,371.004528141,366.191969403,370.785775471,10000,370.785775471
1992-01-22,371.660786151,374.504570859,371.442033481,373.84831285,10000,373.84831285
1992-01-23,374.06706552,383.254677655,373.41080751,383.035924985,10000,383.035924985
1992-01-24,384.567193675,385.004699014,376.254592219,383.254677655,10000,383.254677655
1992-01-27,380.629645616,387.192225713,380.629645616,384.567193675,10000,384.567193675
1992-01-28,384.567193675,384.785946344,380.192140277,382.379666976,10000,382.379666976
1992-01-29,383.473430325,386.754720374,381.942161636,386.754720374,10000,386.754720374
1992-01-30,385.879709694,386.098462364,379.754634937,381.504656296,10000,381.504656296
1992-01-31,382.598419646,386.535967704,381.942161636,385.442204354,10000,385.442204354
1992-02-03,383.692182995,392.442289791,381.723408966,392.004784451,10000,392.004784451
1992-02-04,392.004784451,393.31730047,388.942247072,392.879795131,10000,392.879795131
1992-02-05,394.62981649,395.504827169,388.942247072,390.692268432,10000,390.692268432
1992-02-06,391.348526441,395.06732183,389.817257752,393.75480581,10000,393.75480581
1992-02-07,393.53605314,397.036095859,392.879795131,396.379837849,10000,396.379837849
1992-02-10,394.19231115,405.129944645,393.53605314,401.848654596,10000,401.848654596
1992-02-11,401.192396587,404.692439305,384.567193675,384.567193675,10000,384.567193675
1992-02-12,381.504656296,383.254677655,367.504485423,373.41080751,10000,373.41080751
1992-02-13,368.379496102,374.06706552,367.504485423,369.254506782,10000,369.254506782
1992-02-14,371.004528141,374.942076199,370.567022801,373.62956018,10000,373.62956018
1992-02-18,374.06706552,375.160828869,357.879367947,359.629389307,10000,359.629389307
1992-02-19,360.504399986,362.254421345,351.53554052,360.066894646,10000,360.066894646
1992-02-20,361.816916006,368.817001442,361.816916006,364.879453384,10000,364.879453384
1992-02-21,366.629474743,368.379496102,362.254421345,363.129432025,10000,363.129432025
1992-02-24,361.373062342,363.568524446,355.664860871,355.664860871,10000,355.664860871
1992-02-25,354.347583608,356.982138133,351.713029083,353.908491188,10000,353.908491188
1992-02-26,351.713029083,363.129432025,351.273936663,360.933969921,10000,360.933969921
1992-02-27,361.373062342,361.373062342,356.103953292,356.982138133,10000,356.982138133
1992-02-28,354.347583608,355.664860871,350.834844242,350.834844242,10000,350.834844242
1992-03-02,351.273936663,357.421230554,351.273936663,353.030306346,10000,353.030306346
1992-03-03,353.469398767,353.469398767,342.492088246,342.492088246,10000,342.492088246
1992-03-04,342.931180667,346.004827613,341.833449615,343.809365508,10000,343.809365508
1992-03-05,344.68755035,350.395751821,344.68755035,345.565735192,10000,345.565735192
1992-03-06,349.078474558,350.17620561,343.809365508,344.68755035,10000,344.68755035
1992-03-09,348.639382138,354.347583608,348.200289717,354.347583608,10000,354.347583608
1992-03-10,358.738507817,358.738507817,347.322104875,351.273936663,10000,351.273936663
1992-03-11,348.200289717,349.9566594,341.613903404,345.565735192,10000,345.565735192
1992-03-12,343.809365508,349.078474558,342.492088246,342.492088246,10000,342.492088246
1992-03-13,342.492088246,343.809365508,337.222979196,338.101164038,10000,338.101164038
1992-03-16,337.662071617,340.077079931,335.466609513,337.662071617,10000,337.662071617
1992-03-17,338.979348879,341.613903404,338.979348879,339.857533721,10000,339.857533721
1992-03-18,342.272542036,345.126642771,338.540256459,339.4184413,10000,339.4184413
1992-03-19,341.174810983,342.272542036,338.979348879,341.394357194,10000,341.394357194
1992-03-20,344.68755035,349.517566979,341.613903404,341.613903404,10000,341.613903404
1992-03-23,344.68755035,344.68755035,338.540256459,344.248457929,10000,344.248457929
1992-03-24,345.346188981,345.346188981,339.19889509,340.735718563,10000,340.735718563
1992-03-25,339.19889509,340.077079931,335.466609513,336.344794354,10000,336.344794354
1992-03-26,339.4184413,340.077079931,335.905701934,339.857533721,10000,339.857533721
1992-03-27,336.564340565,338.101164038,336.344794354,337.442525406,10000,337.442525406
1992-03-30,336.783886775,339.637987511,331.953870146,336.783886775,10000,336.783886775
1992-03-31,336.344794354,336.564340565,332.612508777,332.612508777,10000,332.612508777
1992-04-01,334.368878461,335.247063302,324.050206571,324.050206571,10000,324.050206571
1992-04-02,323.17202173,324.928391413,318.781097521,318.781097521,10000,318.781097521
1992-04-03,320.098374784,322.293836888,320.098374784,322.293836888,10000,322.293836888
1992-04-06,322.732929309,325.587030044,322.732929309,324.708845202,10000,324.708845202
1992-04-07,326.684761096,326.904307307,319.659282363,320.098374784,10000,320.098374784
1992-04-08,318.781097521,322.293836888,316.585635417,321.635198257,10000,321.635198257
1992-04-09,321.854744467,322.732929309,318.3420051,318.3420051,10000,318.3420051
1992-04-10,318.3420051,320.537467205,316.805181628,317.024727838,10000,317.024727838
1992-04-15,314.390173313,317.463820259,313.951080892,316.805181628,10000,316.805181628
1992-04-16,318.12245889,319.659282363,317.463820259,318.561551311,10000,318.561551311
1992-04-20,320.537467205,324.050206571,320.098374784,323.61111415,10000,323.61111415
1992-04-21,324.928391413,325.806576255,323.17202173,325.806576255,10000,325.806576255
1992-04-22,326.263207756,327.63310226,324.43668175,325.121629002,10000,325.121629002
1992-04-23,325.806576255,332.427733025,325.578260504,332.427733025,10000,332.427733025
1992-04-24,332.884364526,336.309100787,330.144575518,336.080785036,10000,336.080785036
1992-04-27,336.994048039,337.22236379,333.569311778,334.939206283,10000,334.939206283
1992-04-28,333.340996028,333.797627529,327.861418011,328.318049512,10000,328.318049512
1992-04-29,328.318049512,328.546365263,322.838471495,324.208366,10000,324.208366
1992-04-30,323.751734498,327.404786509,322.838471495,322.838471495,10000,322.838471495
1992-05-01,322.381839994,329.687944016,322.381839994,327.404786509,10000,327.404786509
1992-05-04,330.144575518,342.930257557,330.144575518,342.473626056,10000,342.473626056
1992-05-05,339.962152798,342.016994554,335.167522033,339.733837047,10000,339.733837047
1992-05-06,338.820574045,339.733837047,334.939206283,339.277205546,10000,339.277205546
1992-05-07,340.64710005,344.985099314,338.592258294,343.615204809,10000,343.615204809
1992-05-08,342.473626056,342.473626056,336.080785036,338.363942543,10000,338.363942543
1992-05-11,334.939206283,336.994048039,334.02594328,334.02594328,10000,334.02594328
1992-05-12,336.080785036,336.994048039,331.514470022,332.199417274,10000,332.199417274
1992-05-13,334.482574781,335.852469285,330.601207019,330.82952277,10000,330.82952277
1992-05-14,327.861418011,330.372891269,323.751734498,323.751734498,10000,323.751734498
1992-05-15,326.491523507,327.63310226,320.098682487,321.468576991,10000,321.468576991
1992-05-18,319.642050986,325.121629002,319.185419484,325.121629002,10000,325.121629002
1992-05-19,323.066787246,323.980050249,314.61910447,315.075735971,10000,315.075735971
1992-05-20,315.532367473,316.445630476,311.650999711,312.335946963,10000,312.335946963
1992-05-21,310.509420957,313.249209966,308.682894952,310.737736708,10000,310.737736708
1992-05-22,311.194368209,312.564262714,309.367842204,312.564262714,10000,312.564262714
1992-05-26,313.249209966,319.642050986,313.020894215,318.272156481,10000,318.272156481
1992-05-27,318.957103733,325.121629002,316.217314725,320.555313988,10000,320.555313988
1992-05-28,321.925208493,322.381839994,318.728787983,321.24026124,10000,321.24026124
1992-06-01,322.838471495,329.687944016,322.838471495,322.838471495,10000,322.838471495
1992-06-02,324.664997501,327.861418011,324.664997501,326.948155008,10000,326.948155008
1992-06-03,325.578260504,334.254259031,324.893313252,334.254259031,10000,334.254259031
1992-06-04,332.427733025,335.624153535,331.514470022,335.624153535,10000,335.624153535
1992-06-05,332.884364526,334.939206283,332.656048776,334.710890532,10000,334.710890532
1992-06-08,336.309100787,340.190468549,336.309100787,337.22236379,10000,337.22236379
1992-06-09,341.103731552,344.300152062,339.962152798,344.300152062,10000,344.300152062
1992-06-10,341.560363053,342.701941807,339.962152798,341.103731552,10000,341.103731552
1992-06-11,336.994048039,338.363942543,331.514470022,331.514470022,10000,331.514470022
1992-06-12,331.057838521,332.427733025,327.404786509,328.774681014,10000,328.774681014
1992-06-15,325.121629002,325.349944753,319.185419484,322.838471495,10000,322.838471495
1992-06-16,323.523418747,326.263207756,322.381839994,322.381839994,10000,322.381839994
1992-06-17,323.295102997,326.948155008,323.295102997,324.208366,10000,324.208366
1992-06-18,322.838471495,323.523418747,321.24026124,321.696892742,10000,321.696892742
1992-06-19,323.066787246,326.034892005,322.610155745,326.034892005,10000,326.034892005
1992-06-22,326.948155008,327.63310226,323.295102997,323.295102997,10000,323.295102997
1992-06-23,320.783629739,322.838471495,320.555313988,321.01194549,10000,321.01194549
1992-06-24,321.01194549,321.01194549,317.358893478,318.728787983,10000,318.728787983
1992-06-25,318.052560003,323.236974517,318.052560003,318.728787983,10000,318.728787983
1992-06-26,319.63042529,320.081243943,318.277969329,318.277969329,10000,318.277969329
1992-06-29,316.474694715,321.884518557,314.446010775,319.179606636,10000,319.179606636
1992-06-30,319.179606636,320.98288125,317.376332022,317.376332022,10000,317.376332022
1992-07-01,312.642736161,316.249285389,312.191917508,313.318964141,10000,313.318964141
1992-07-02,312.868145488,312.868145488,306.105865686,306.55668434,10000,306.55668434
1992-07-06,302.950135112,305.88045636,302.724725786,304.528000399,10000,304.528000399
1992-07-07,303.626363092,308.810777607,303.626363092,306.105865686,10000,306.105865686
1992-07-08,305.204228379,309.712414914,304.753409726,309.036186934,10000,309.036186934
1992-07-09,309.036186934,309.036186934,304.302591073,304.753409726,10000,304.753409726
1992-07-10,302.950135112,307.458321647,302.048497805,302.273907132,10000,302.273907132
1992-07-13,301.597679152,306.331275013,301.597679152,305.655047033,10000,305.655047033
1992-07-14,307.683730973,308.58536828,306.55668434,307.458321647,10000,307.458321647
1992-07-15,308.134549627,313.318964141,308.134549627,312.417326835,10000,312.417326835
1992-07-16,313.318964141,313.544373468,309.036186934,309.26159626,10000,309.26159626
1992-07-17,310.388642894,315.347648082,309.937824241,311.966508181,10000,311.966508181
1992-07-20,310.839461547,310.839461547,306.55668434,307.007502993,10000,307.007502993
1992-07-21,307.007502993,308.810777607,306.55668434,308.58536828,10000,308.58536828
1992-07-22,308.810777607,309.487005587,305.204228379,307.23291232,10000,307.23291232
1992-07-23,306.55668434,307.007502993,302.950135112,303.851772419,10000,303.851772419
1992-07-24,303.400953766,304.528000399,301.146860498,303.175544439,10000,303.175544439
1992-07-27,302.048497805,304.978819053,301.146860498,302.724725786,10000,302.724725786
1992-07-28,302.950135112,304.753409726,302.048497805,302.273907132,10000,302.273907132
1992-07-29,301.597679152,301.823088479,297.089492618,298.216539251,10000,298.216539251
1992-07-30,297.991129924,298.441948578,290.778031469,291.679668776,10000,291.679668776
1992-07-31,291.679668776,292.80671541,285.819026282,286.044435608,10000,286.044435608
1992-08-03,283.790342341,285.593616955,281.536249074,285.142798301,10000,285.142798301
1992-08-04,286.044435608,286.044435608,279.507565133,279.73297446,10000,279.73297446
1992-08-05,279.73297446,284.241160994,279.05674648,279.507565133,10000,279.507565133
1992-08-06,279.05674648,281.536249074,277.253471866,278.605927826,10000,278.605927826
1992-08-07,276.802653213,279.958383787,276.577243886,277.478881193,10000,277.478881193
1992-08-10,276.802653213,277.253471866,274.999378599,276.351834559,10000,276.351834559
1992-08-11,277.253471866,281.08543042,277.253471866,280.860021094,10000,280.860021094
1992-08-12,281.310839747,281.310839747,275.901015906,276.126425233,10000,276.126425233
1992-08-13,275.450197252,277.70429052,272.069057352,275.675606579,10000,275.675606579
1992-08-14,276.126425233,278.605927826,274.548559945,276.351834559,10000,276.351834559
1992-08-17,275.901015906,276.802653213,272.519876005,276.577243886,10000,276.577243886
1992-08-18,273.646922639,278.605927826,273.196103985,276.351834559,10000,276.351834559
1992-08-19,276.802653213,277.478881193,274.773969272,276.351834559,10000,276.351834559
1992-08-20,277.70429052,279.958383787,277.253471866,279.282155807,10000,279.282155807
1992-08-21,280.40920244,285.142798301,280.40920244,284.466570321,10000,284.466570321
1992-08-24,284.917388975,289.642211419,282.212477054,289.642211419,10000,289.642211419
1992-08-25,289.642211419,292.891750066,287.475852321,292.241842337,10000,292.241842337
1992-08-26,291.158662788,291.808570517,286.609308681,287.475852321,10000,287.475852321
1992-08-27,285.309493223,288.55903187,285.309493223,286.392672772,10000,286.392672772
1992-08-28,285.959400952,285.959400952,282.926498215,283.793041854,10000,283.793041854
1992-08-31,282.926498215,288.55903187,281.843318666,288.55903187,10000,288.55903187
1992-09-01,290.725390968,293.758293705,289.858847329,292.675114156,10000,292.675114156
1992-09-02,299.82409918,301.773822368,296.357924623,298.524283721,10000,298.524283721
1992-09-03,296.357924623,298.524283721,296.357924623,297.657740082,10000,297.657740082
1992-09-04,296.574560533,299.174191451,294.624837345,296.574560533,10000,296.574560533
1992-09-08,296.574560533,296.791196443,292.675114156,296.357924623,10000,296.357924623
1992-09-09,295.491380984,297.224468262,293.541657795,296.357924623,10000,296.357924623
1992-09-10,293.758293705,294.408201435,291.591934607,293.758293705,10000,293.758293705
1992-09-11,290.942026878,291.375298697,286.609308681,288.77566778,10000,288.77566778
1992-09-14,287.90912414,290.075483238,285.742765042,288.12576005,10000,288.12576005
1992-09-15,289.208939599,291.158662788,288.77566778,289.425575509,10000,289.425575509
1992-09-16,289.208939599,294.408201435,287.90912414,294.408201435,10000,294.408201435
1992-09-17,296.141288713,298.307647811,294.624837345,296.141288713,10000,296.141288713
1992-09-18,293.758293705,297.007832352,293.758293705,296.574560533,10000,296.574560533
1992-09-21,295.708016894,297.874375992,294.841473254,297.007832352,10000,297.007832352
1992-09-22,296.141288713,296.141288713,291.158662788,291.375298697,10000,291.375298697
1992-09-23,290.292119148,292.891750066,289.642211419,291.591934607,10000,291.591934607
1992-09-24,293.108385976,296.357924623,292.458478246,296.141288713,10000,296.141288713
1992-09-25,296.141288713,299.82409918,295.274745074,298.524283721,10000,298.524283721
1992-09-28,298.957555541,301.123914639,298.307647811,300.907278729,10000,300.907278729
1992-09-29,301.773822368,301.773822368,298.091011902,301.340550549,10000,301.340550549
1992-09-30,301.990458278,303.723545557,301.123914639,303.506909647,10000,303.506909647
1992-10-01,305.889904655,305.889904655,299.39082736,302.857001917,10000,302.857001917
1992-10-02,300.690642819,302.857001917,300.690642819,301.557186459,10000,301.557186459
1992-10-05,300.257371,300.907278729,297.007832352,300.257371,10000,300.257371
1992-10-06,298.957555541,300.04073509,297.657740082,299.60746327,10000,299.60746327
1992-10-07,299.174191451,299.39082736,297.224468262,297.441104172,10000,297.441104172
1992-10-08,296.141288713,296.791196443,292.025206427,292.025206427,10000,292.025206427
1992-10-09,296.141288713,296.141288713,292.025206427,295.924652803,10000,295.924652803
1992-10-12,298.740919631,305.023361016,298.091011902,305.023361016,10000,305.023361016
1992-10-13,305.239996925,306.539812384,303.506909647,306.539812384,10000,306.539812384
1992-10-14,308.922807392,311.52243831,307.189720114,311.3058024,10000,311.3058024
1992-10-15,310.005986941,310.222622851,307.622991933,308.922807392,10000,308.922807392
1992-10-16,308.056263753,308.056263753,304.806725106,305.889904655,10000,305.889904655
1992-10-19,304.590089196,309.789351031,304.590089196,308.706171482,10000,308.706171482
1992-10-20,307.839627843,308.056263753,305.673268745,306.756448294,10000,306.756448294
1992-10-21,306.106540565,306.106540565,302.423730098,303.290273737,10000,303.290273737
1992-10-22,301.990458278,306.756448294,301.340550549,305.023361016,10000,305.023361016
1992-10-23,302.857001917,305.023361016,299.174191451,299.39082736,10000,299.39082736
1992-10-26,298.307647811,300.04073509,297.441104172,298.307647811,10000,298.307647811
1992-10-27,297.874375992,301.340550549,297.441104172,300.04073509,10000,300.04073509
1992-10-28,301.340550549,301.773822368,300.474006909,301.557186459,10000,301.557186459
1992-10-29,301.557186459,303.940181466,300.690642819,303.506909647,10000,303.506909647
1992-10-30,304.156817376,307.839627843,302.857001917,307.189720114,10000,307.189720114
1992-11-02,308.489535572,314.988612867,306.323176474,314.338705137,10000,314.338705137
1992-11-03,312.822253769,314.338705137,311.52243831,312.388981949,10000,312.388981949
1992-11-04,310.222622851,314.988612867,307.622991933,308.489535572,10000,308.489535572
1992-11-05,307.189720114,308.489535572,305.889904655,308.272899663,10000,308.272899663
1992-11-06,309.356079212,313.038889679,308.706171482,309.139443302,10000,309.139443302
1992-11-09,311.52243831,314.555341047,311.08916649,314.338705137,10000,314.338705137
1992-11-10,314.122069228,316.505064236,313.905433318,315.855156506,10000,315.855156506
1992-11-11,314.988612867,318.238151514,314.988612867,316.938336055,10000,316.938336055
1992-11-12,316.938336055,319.537966973,315.421884686,319.104695153,10000,319.104695153
1992-11-13,318.888059243,323.654049259,316.721700145,323.22077744,10000,323.22077744
1992-11-16,323.22077744,327.553495636,322.57086971,325.820408357,10000,325.820408357
1992-11-17,324.953864718,327.336859726,321.271054251,323.00414153,10000,323.00414153
1992-11-18,323.870685169,324.953864718,319.754602883,320.187874702,10000,320.187874702
1992-11-19,319.537966973,322.137597891,318.454787424,321.054418342,10000,321.054418342
1992-11-20,322.137597891,322.137597891,318.238151514,320.837782432,10000,320.837782432
1992-11-23,320.621146522,327.986767456,320.621146522,325.820408357,10000,325.820408357
1992-11-24,325.164834095,328.224180653,323.416636062,327.350081636,10000,327.350081636
1992-11-27,328.224180653,328.224180653,324.727784587,324.946309341,10000,324.946309341
1992-11-30,321.66843803,326.47598262,321.66843803,324.290735079,10000,324.290735079
1992-12-01,322.979586554,322.979586554,319.264665735,319.264665735,10000,319.264665735
1992-12-02,317.516467702,317.95351721,316.423843931,316.86089344,10000,316.86089344
1992-12-03,316.205319177,320.794339013,315.112695407,319.264665735,10000,319.264665735
1992-12-04,319.483190489,319.701715243,314.23859639,315.112695407,10000,315.112695407
1992-12-07,313.364497374,315.549744915,312.053348849,312.271873604,10000,312.271873604
1992-12-08,312.490398358,313.801546882,310.960725079,312.490398358,10000,312.490398358
1992-12-09,312.271873604,315.331220161,311.834824095,314.020071636,10000,314.020071636
1992-12-10,314.23859639,314.894170653,311.834824095,312.053348849,10000,312.053348849
1992-12-11,312.927447866,316.86089344,312.927447866,316.205319177,10000,316.205319177
1992-12-14,317.079418194,318.172041964,316.642368685,316.642368685,10000,316.642368685
1992-12-15,316.423843931,317.734992456,314.23859639,314.894170653,10000,314.894170653
1992-12-16,313.583022128,313.583022128,312.053348849,313.14597262,10000,313.14597262
1992-12-17,311.397774587,313.14597262,307.901378522,308.33842803,10000,308.33842803
1992-12-18,307.464329013,309.868101308,306.371705243,308.119903276,10000,308.119903276
1992-12-21,308.119903276,310.086626063,308.119903276,309.212527046,10000,309.212527046
1992-12-22,309.649576554,309.868101308,308.33842803,309.649576554,10000,309.649576554
1992-12-23,310.086626063,314.23859639,310.086626063,313.583022128,10000,313.583022128
1992-12-24,313.583022128,314.23859639,312.053348849,313.364497374,10000,313.364497374
1992-12-28,313.364497374,313.364497374,308.556952784,308.775477538,10000,308.775477538
1992-12-29,307.245804259,307.901378522,304.842031964,305.279081472,10000,305.279081472
1992-12-30,305.934655735,308.33842803,305.716130981,307.245804259,10000,307.245804259
1992-12-31,308.119903276,309.4310518,308.119903276,309.212527046,10000,309.212527046
